game,youtubeId,title,channel,start,watchFor
tetris,-FAzHyXZPm0,NES Longplay [483] Tetris,World-of-Longplays,60,Follow the stack and next-piece preview as the line count rises from 4 to 12 and the level changes. What must the player keep adjusting while repeating the same placement task?
dark-souls,6wVyPA3vMhs,Longplay of Dark Souls [Old],LongplayArchive,596,The player approaches a shield-bearing enemy in a corridor and attacks at close range. Watch the spacing and green stamina bar: what would require timing or positioning in this exchange?
starcraft,JPwBqbhTYZM,StarCraft Remastered Brood War Terran Campaign Full Longplay HD,Echoes of Us,223,The view switches from an enemy barracks burning under fire to the player's base with units queued for production. What demands attention in each view?
pokemon,pvH5hWc7Mes,Pokémon Red Version (1998) - GB Longplay | Full Game Walkthrough | No Commentary,Longplay Nexus,1821,"At the end of the Weedle battle, Charmander reaches level 9 and its maximum HP rises from 26 to 28. How does the game make accumulated progress visible?"
myst,kVMJKTU7zxk,MYST (1993) | Point & Click | 1440p60 | Longplay Full Game Walkthrough No Commentary,Ermacgerd,180,The path from the dock leads to a note about counting marker switches to retrieve a message. What does the note give the player a reason to look for?
mass-effect,Z8v7xCIGoQA,Mass Effect (2007) FULL GAME Walkthrough No Commentary (Longplay),Noire Blue,638,A squad member warns of hostiles while the player can target Kaidan to talk. How does the dialogue frame the place the player is exploring?
the-sims,RdVis25dXJk,"The Sims 1: Vanilla Gameplay (Original 2000 Version, No Commentary)",BarakaPlay,2009,The player moves a table around the room in Buy mode before placing it. How does its position change the room they are making?
mario-kart,hb7qbF1XRTc,Longplay of Mario Kart 64 [HD],LongplayArchive,142,Follow the item slot and race order through the final lap and results. What would you also need to observe about people playing together to discuss fellowship?
dance-dance-revolution,K2IammLWeNE,Dance Dance Revolution (1998) PS1 4K60ᶠᵖˢ | Full Game 100% All Songs Showcase,Weiss Network TV,276,Arrows rise toward the targets while timing judgments and a combo count appear. What pattern of inputs does this passage ask a player to repeat?
roulette,4i9b-zv3SKw,1000 Real Roulette Spins – Special Edition | Data for Strategy Testing and Analysis,The Roulette Channel,133,"Watch the spinning wheel until the first result, 10, appears in the record. At what point does an uncertain outcome become a known one?"
bejeweled,Pkg2ZEJQtjQ,Bejeweled 2 Deluxe – Xbox 360 Gameplay,Gamer Linear,62,"Follow the repeated selections, cleared gems and falling replacements as the score rises. Does this loop feel absorbing or demanding to you?"
foldit,bo99JjnfdA8,An Introduction to Foldit,metamolecular,115,The One Small Clash tutorial marks a clash; separating the side chains raises the score and completes the puzzle. How might the science framing change the meaning of that move?
